{
    "loss": 0.8889819979667664,
    "accuracy": 0.9145105481147766
}