{
    "loss": 30.871986389160156,
    "accuracy": 0.8907854557037354
}